{"hits": 257303, "misses": 0, "dirties": 119, "hitratio": 1.0, "buffers_mb": 69.109375, "cached_mb": 2394.44140625}