ues,free5gc
0,66.93669858163015
5,24.33550822579198
10,16.636688309257835
50,4.828636622124658
100,2.750605004715188
200,1.5586518736036779
300,1.0161779009069618
