ues,free5gc,oai,open5gs
0,0.009363882063882063,0.9875585937129994,0.01067276507936508
5,0.006830649001814882,0.9879329055248639,0.009792217391304347
10,0.0061197174735249625,0.9881275564975881,0.009084738764044944
50,0.005543971844851349,0.9887778877842569,0.00952788787878788
100,0.005494865401400589,0.9876880154330685,0.010031229411764705
200,0.005589566963467063,0.987506362750754,0.01068984109589041
300,0.006144272480495593,0.9875936431456549,0.009610049315068493
