ues,free5gc,oai,open5gs
0,519.8769630565291,333.7094837232143,523.6835881783355
5,109.79675767040756,278.36117916872894,534.4292865170826
10,70.40357202723764,334.95949705142084,509.22806868716447
50,18.410119882229232,142.3820695548523,485.94412522436375
100,9.413629754105965,272.56043935903085,281.67522787533403
200,7.623852649870205,260.5466060010526,73.92518563001916
300,4.093522728373037,305.19353934771885,296.62456707481147
