ues,free5gc,oai,open5gs
0,755.9453351818181,0.0046448082368082365,101.05095489346334
5,567.0067926206898,0.0048671791044776124,95.03697627513587
10,432.488387131579,0.006034936046511627,86.3208361160852
50,148.21562748604651,0.004231278871740287,87.75292637507847
100,76.74293647876448,0.0050443647711511785,57.768137293352595
200,35.72368417110519,0.005385883614088821,44.588905898931934
300,18.37105066203167,0.004490662121212121,15.149931646132192
