ues,free5gc
0,2.932745310693641
5,1.335562467717592
10,0.7440348415311192
50,0.4510977671132397
100,0.3203980295051308
200,0.276856740117263
300,0.25191220935351316
