ues,free5gc,oai,open5gs
0,1335.5179932275448,504.068714110955,835.6491996206897
5,1510.4443685686276,621.5690943131868,791.0962030727272
10,1302.897584244186,387.91638314630467,185.2863723875124
50,1647.2904504248365,523.4687254650406,469.44113544136195
100,1645.1639532402596,408.2197946019553,213.65278713759687
200,1640.4680435947712,411.5873785352113,1.5715172508396247
300,1468.3328723066668,447.2142303852573,119.3816959733164
