ues,oai,open5gs
0,0.028414156682027653,0.048273445086705204
5,0.02775440206185567,0.03238212322274881
10,0.019835599078341013,0.035507222222222225
50,0.012092862815884476,0.026770490750816108
100,0.02316689400921659,0.02357354738438211
200,0.013203861254062838,0.020509954271356785
300,0.02618432484076433,0.014114750124771251
