ues,oai,open5gs
0,0.004670521739130435,0.008551063909774436
5,0.005049127659574468,0.0053732065081351695
10,0.004513659163987138,0.005309093845482323
50,0.005088736111111112,0.004613217475459699
100,0.06624177083333334,0.005053458561345071
200,0.011978917808219178,0.006895968421052631
300,0.009848054054054053,0.004831760013812155
