ues,free5gc,oai,open5gs
0,2040.85082190625,511.48339613999997,1131.9582868402686
5,2041.0713285625,389.07589006158355,986.7907635034483
10,2047.710196,397.1141132763975,971.6716651137932
50,2041.22454584375,481.5908175150376,571.9652794844884
100,2041.2337155,411.0506951511254,55.69229590053127
200,2047.60789134375,338.694698978836,127.57391094013337
300,2043.80956959375,332.22511379220776,87.00937150158165
