ues,free5gc,oai,open5gs
0,0.04389058035714286,0.7313295472508591,0.2875574236947791
5,0.033324892430278884,0.6534116871165644,0.1815602526205451
10,0.052436744245524296,0.5444698331907614,0.14242534759825326
50,0.025766533774834437,0.3567494285714286,0.11482267822384429
100,0.023781980762624524,0.5290028006329114,0.04520961308089501
200,0.023830420766940988,0.5848989509493671,0.15724005621431708
300,0.025170029181333032,0.6325554790513834,0.07504903498190592
