ues,free5gc
0,0.008704146341463416
5,0.005212365135453476
10,0.006900116602316602
50,0.01627788163421153
100,0.02074589720194647
200,0.017092562084881233
300,0.013768334882552443
