ues,free5gc,oai,open5gs
0,60000.173373,7514.489023374999,60000.2552895
5,,23.912034333333335,60000.2556865
10,,23.87506377777778,
50,,6022.4322884,
100,,21.6174337,60000.146349999995
200,60000.22987,16.431492,
300,,16.486455285714285,
