ues,free5gc,oai,open5gs
0,0.047720036231884054,0.03513864841498559,0.056129395833333325
5,0.03283818811881188,0.02270634549356223,0.027219760869565218
10,0.041979595722662987,0.03445459388646288,0.011177556390977443
50,0.04705461671792005,0.026272485217391305,0.010832667604049493
100,0.04272089637780834,0.03351102411873841,0.010317730706742486
200,0.04387648135092311,0.02892243153526971,0.0072655124896186035
300,0.043407900649266785,0.028395085610200363,0.007159805675779323
