ues,sched_yield
5,0.024374
10,0.047712
50,6.86559
100,8.048028
200,22.32581
300,30.344856
