ues,futex
0,0.004296833333333333
5,0.0062485833333333326
10,0.004667666666666666
50,0.0077255833333333334
100,0.004831083333333333
200,0.004910333333333333
300,0.009352000000000001
