ues,epoll_pwait
0,69490.682406
5,69949.094662
10,69418.00104
50,68994.713882
100,68423.795655
200,67574.833712
300,67000.379497
