ues,epoll_pwait
0,128.89824443462246
5,86.09570845724906
10,51.00216606828194
50,18.800403338482383
100,10.885719251532779
200,6.242037224572824
300,4.168015150451597
