ues,nanosleep
0,10.216288
5,0.11869754575163399
10,0.10258270351239669
50,0.2609682179455136
100,0.14418145569620253
200,0.1942681611441518
300,0.14846480243094884
