ues,recvmsg
0,0.021485
5,0.010601
10,0.016414
50,0.009601
100,0.017319
200,0.190344
300,0.014124
