ues,nanosleep
0,10.139207
5,10.16508
10,20.571861
50,10.230586
100,10.810591
200,10.233185
300,10.201319
