ues,sched_yield
0,0.008704146341463416
5,0.00462580343980344
10,0.005257902208201892
50,0.009458171585792896
100,0.015843379042161276
200,0.009136350368718916
300,0.008937262869399427
