ues,nanosleep
0,1749.931075
5,3558.578349
10,3037.840001
50,9892.046188
100,12744.665181
200,19723.593306
300,27427.240956
