ues,nanosleep
0,10.129707
5,10.191247
10,10.2626
50,10.173709
100,10.224646
200,10.150694
300,10.247639
