ues,read,write
0,0.283695,1.162468
5,2.349783,7.381123
10,3.747558,15.56763
50,18.82637,91.280932
100,41.674957,166.972324
200,82.104324,349.916809
300,127.093505,512.643155
