ues,nanosleep
0,1427.259652
5,1229.956014
10,1388.537589
50,3745.960291
100,3767.845091
200,7764.049277
300,9667.68963
