ues,futex
0,0.019704
5,0.482603
10,0.490217
50,0.013666
100,0.594201
200,120011.191223
300,0.011132
