ues,futex
0,0.019704
5,0.08043383333333333
10,0.08170283333333334
50,0.013666
100,0.0990335
200,13334.576802555555
300,0.011132
