ues,sched_yield
5,0.062967
10,0.070235
50,6.964925
100,6.450657
200,21.422182
300,31.925957
