ues,sendmsg
0,0.018268
5,0.004866
10,0.011987
50,0.0065895
100,0.006192
200,0.0047915
300,0.0110645
