ues,futex
0,989.8794682157895
5,136.30733902522934
10,58.39253977975633
50,18.128040026779757
100,10.416178546487144
200,5.19281109564836
300,3.63570982009544
