ues,nanosleep
0,10.139207
5,10.16508
10,6.8572869999999995
50,10.230586
100,5.4052955
200,10.233185
300,5.1006595
