ues,nanosleep
0,10.20141
5,123.333846
10,249.248329
50,1411.277515
100,2406.507301
200,4662.770077
300,7082.804502
