ues,poll
0,2.330008
5,2.304151
10,2.691751
50,1.008059
100,1.483863
200,1.615832
300,2.12523
