ues,epoll_pwait
50,0.00512
300,0.005852
