ues,epoll_pwait
0,0.014466
5,1212.237249
10,1402.22298
50,3336.048377
100,5904.364284
200,11463.72632
300,18493.353589
