ues,poll
0,8.529142
5,9.758126
10,11.032705
50,6.255958
100,9.649547
200,7.711483
300,6.530914
