ues,epoll_pwait
0,0.007233
5,1.7194854595744682
10,0.6890530614250614
50,0.35223824062928943
100,0.320210655892402
200,0.3364065592628459
300,0.36931310212680973
