ues,futex
0,13334.52640588889
5,0.05288433333333333
10,0.08754933333333333
50,0.013304
100,0.885350625
200,13334.572585444444
300,0.008723
