ues,futex
0,0.015122
5,0.14323233333333332
10,0.05747183333333333
50,0.015767
100,0.060833500000000006
200,13334.603884222222
300,0.011312
