ues,epoll_pwait
0,0.0067805
50,0.00628
300,0.00641
