ues,sched_yield
5,0.005013
10,2.081622
50,0.876497
100,6.425749
200,7.07941
300,14.491476
