ues,sendmsg
0,0.036536
5,0.009732
10,0.023974
50,0.013179
100,0.012384
200,0.009583
300,0.022129
