ues,epoll_pwait
0,62857.000607
5,60007.997688
10,47769.891087
50,44722.717268
100,52867.192788
200,59123.928695
300,47135.560082
