ues,futex
0,0.003926833333333333
5,0.005076333333333333
10,0.004364666666666667
50,0.002992
200,0.004763916666666667
