ues,poll
0,0.23300079999999998
5,0.2304151
10,0.17945006666666666
50,0.1008059
100,0.1483863
200,0.16158319999999998
300,0.21252300000000002
