ues,nanosleep
0,9.732361714285714
5,3.77504382115869
10,2.5109083275862067
50,0.7610167743634767
100,0.604359389258176
200,0.33774090866161305
300,0.30719687514605243
