ues,recvmsg
0,0.0035808333333333334
5,0.00265025
10,0.0041035
50,0.00240025
100,0.00432975
200,0.047586
300,0.003531
