ues,futex
0,0.012401
5,63195.778498
10,63389.868213
50,66232.311205
100,10056.142462
200,21460.575247
300,25788.349405
