ues,sched_yield
5,0.0025065
10,0.693874
50,0.008509679611650485
100,0.03550137569060773
200,0.01113114779874214
300,0.021373858407079647
