ues,sched_yield
5,0.051594545454545455
10,0.007673555555555555
50,0.09405317894736843
100,0.08721173684210526
200,0.08116135102739726
300,0.04802518827708704
