ues,futex
0,182071.784391
5,178285.814623
10,189132.145843
50,187597.527876
100,177839.136114
200,184226.949197
300,195600.542103
