ues,futex
0,0.051562
5,0.074983
10,0.028006
50,0.092707
100,0.057973
200,0.058924
300,0.056112
