ues,sched_yield
0,0.35687
5,3.765404
10,6.66702
50,18.906885
100,38.705375
200,53.274059
300,112.502265
