ues,recvmsg
0,0.023309
5,0.011453
10,0.016652
50,0.010505
100,0.015124
200,0.015931
300,0.011391
