ues,epoll_pwait
0,27.47246530026224
5,9.470959231060606
10,6.949358610270585
50,2.354942723816545
100,1.7333505832131149
200,1.0147243451584114
300,0.5304653553687386
