ues,epoll_pwait
0,0.004463
5,2.6452852499999997
10,1.2489119674972915
50,0.46117076128056467
100,0.3372435530990416
200,0.3259327221926556
300,0.33226127772240216
