ues,nanosleep
0,10.216288
5,36.321449
10,99.300057
50,1044.13384
100,922.617135
200,2743.843508
300,3407.861075
