ues,epoll_pwait
50,0.01024
300,0.011704
