ues,recvmsg
0,0.017292
5,0.013322
10,0.021252
50,0.02381
100,0.022839
200,0.015687
300,0.018727
