ues,poll
0,0.38768827272727274
5,0.44355118181818187
10,0.4086187037037037
50,0.28436172727272724
100,0.43861577272727276
200,0.35052195454545454
300,0.3265457
