ues,nanosleep
0,10.20141
5,0.10381636868686868
10,0.1319472361037586
50,0.1459137215674111
100,0.1481565782798744
200,0.12057225064646256
300,0.13705912692300248
