ues,futex
0,0.047122
5,0.060916
10,0.026188
50,0.008976
200,0.057167
