ues,poll
0,1.8029
5,2.207367
10,3.821298
50,2.625296
100,1.123416
200,1.92504
300,2.245425
