ues,nanosleep
0,1429.627196
5,1486.486454
10,1512.347451
50,3052.088735
100,3894.016963
200,8160.576275
300,10620.434537
