ues,epoll_pwait
0,69490.453708
5,69453.306595
10,69925.246067
50,69100.20914
100,68679.300495
200,68020.630133
300,67018.240594
