ues,futex
0,831.3780109178082
5,400.6422800516854
10,235.23898736691544
50,56.76173309409985
100,32.95147973207337
200,18.693754357889397
300,13.551374678051824
