ues,clock_nanosleep
0,60000.173373
200,60000.22987
