ues,read,write
0,0.00984,0.052738
5,0.011831,0.024625
10,0.012195,0.10049
50,0.013705,0.026466
100,0.009953,0.024845
200,0.008896,0.024556
300,0.010171,0.030947
