ues,nanosleep
0,10.217558
5,10.234159
10,10.203683
50,10.227723
100,5.1734395
200,10.161671
300,5.0946605
