ues,epoll_pwait
0,0.006269
50,0.005245
300,0.005512
