ues,futex
0,188074.471681
5,187910.961978
10,238286.151441
50,188760.844918
100,188887.756489
200,208449.292751
300,194770.459414
