ues,sched_yield
50,0.010352875
100,0.017163117647058825
200,0.010107242424242423
300,0.05303078181818182
