ues,read,write
0,0.025914,0.134178
5,0.027259,0.056997
10,0.028482,0.058377
50,0.05457,0.07814
100,0.031563,0.078624
200,0.039208,0.069956
300,0.028072,0.093098
