ues,sched_yield
5,0.003482
10,0.004337454545454545
50,0.022005096153846153
100,0.024839592592592594
200,0.019951572832886507
300,0.022361721444362565
