ues,read,write
0,0.223027,1.060729
5,0.697719,2.253088
10,1.126201,3.580328
50,4.676988,13.572481
100,9.114731,23.630309
200,16.280939,49.393931
300,25.674096,77.000922
