ues,recvmsg
0,66522.689388
5,65772.322442
10,65737.112682
50,63732.236444
100,59628.732179
200,53656.27213
300,47562.22431
