ues,sched_yield
5,0.56754
10,0.069062
50,8.935052
100,8.285115
200,47.398229
300,27.038181
