ues,futex
0,0.017184
5,52.709045217247095
10,28.456880284164857
50,1.0687522662614533
100,1.1499952082850375
200,1.1313852356068157
300,1.1697388337898071
