ues,nanosleep
0,1.0689866065974343
5,1.5188127823303457
10,0.8958537307578885
50,0.6892451357302118
100,0.556147023084308
200,0.42086875439569815
300,0.4048062248132952
