ues,sched_yield
50,0.082823
100,0.291773
200,0.333539
300,2.916693
