ues,read,write
5,0.738263,2.709617
10,1.678497,15.166859
50,8.933531,26.52426
100,21.73881,99.822098
200,44.814364,131.483039
300,72.244093,263.382836
