ues,futex
0,0.015122
5,0.859394
10,0.344831
50,0.015767
100,0.365001
200,120011.434958
300,0.011312
