ues,epoll_pwait
0,101.44591782189781
5,62.570546481981985
10,36.667669673308865
50,9.621304530771374
100,4.711160686994101
200,2.7124707952705664
300,1.7097362261850095
