ues,sched_yield
5,0.0041978
10,0.01755875
50,0.06828357843137255
100,0.02841699118942731
200,0.03150320882352941
300,0.046880994126284874
