ues,futex
0,0.012401
5,180.04495298575497
10,108.73047720926243
50,16.78041834431214
100,1.2581186615788815
200,1.3893937101514955
300,1.1831689027803267
