ues,read,write
5,2.220727,5.774547
10,4.30112,39.490448
50,23.768746,110.541352
100,56.301215,198.931533
200,98.439457,377.31209
300,181.625705,593.589035
