ues,futex
0,0.354352
5,0.307645
10,0.340704
50,0.059456
100,0.076189
200,0.064444
300,0.066147
