ues,futex
0,1050.695372519553
5,207.86610838274336
10,149.77130825958517
50,33.85844751892377
100,15.946623595525537
200,9.280499209785852
300,6.162452047522622
