ues,futex
0,0.017184
5,63567.108532
10,65593.109055
50,11780.856231
100,22819.354918
200,47674.311058
300,65345.120472
