ues,nanosleep
0,10.129707
5,10.191247
10,10.2626
50,10.173709
100,5.112323
200,10.150694
300,5.1238195
