ues,recvmsg
0,0.004323
5,0.0033305
10,0.005313
50,0.0059525
100,0.00570975
200,0.00392175
300,0.00468175
