ues,futex
0,176367.777927
5,193117.180676
10,158342.267554
50,165763.412487
100,158942.916266
200,183450.135872
300,204529.991326
