ues,nanosleep
0,9.91152536111111
5,1.7877267645348838
10,0.9312794024144869
50,0.49445093598204853
100,0.27406496152167586
200,0.33725942734894226
300,0.2488401747702762
