ues,epoll_pwait
0,69991.746728
5,69479.236725
10,69464.950185
50,69373.488319
100,69244.060159
200,69043.173741
300,68759.745937
