ues,recvmsg
0,0.0038848333333333335
5,0.00286325
10,0.004163
50,0.00262625
100,0.003781
200,0.00398275
300,0.00284775
