ues,nanosleep
0,1430.657172
5,1498.692397
10,1310.694147
50,1733.596212
100,2272.995663
200,2717.801092
300,3680.832958
