ues,sendmsg
0,0.03202
5,0.026624730769230772
10,0.03404692156862745
50,0.03052924701195219
100,0.02994223952095808
200,0.03184274425574425
300,0.03633810523385301
