ues,futex
0,188077.098961
5,178289.999445
10,186914.519835
50,190217.524001
100,187991.190407
200,201309.707745
300,205708.461621
