ues,nanosleep
0,10.217558
5,10.234159
10,10.203683
50,10.227723
100,10.346879
200,10.161671
300,10.189321
