ues,epoll_pwait
0,0.013561
50,0.01256
300,0.01282
