ues,epoll_pwait
0,0.012538
50,0.01049
300,0.011024
