ues,sendmsg
0,0.03202
5,0.692243
10,1.736393
50,7.662841
100,15.001062
200,31.874587
300,65.263237
