ues,read,write
0,0.010095,0.051696
5,0.023818,0.024571
10,0.01158,0.027023
50,0.01147,0.024126
100,0.012166,0.025228
200,0.010957,0.043586
300,0.014096,0.030385
