ues,read,write
0,0.09802,0.48275
5,8.855495,23.956661
10,16.279574,31.113728
50,66.92936,354.108942
100,111.272437,615.057597
200,246.145732,1233.549805
300,419.129832,1935.766432
