ues,read,write
0,0.304952,1.302471
5,1.204358,6.027984
10,2.619939,13.122344
50,14.833623,75.437546
100,27.993797,103.678831
200,58.481826,319.696385
300,70.126163,311.066807
