ues,poll
0,0.18029
5,0.2207367
10,0.2547532
50,0.26252960000000003
100,0.1123416
200,0.192504
300,0.2245425
