ues,futex
0,0.029529333333333335
5,0.025637083333333335
10,0.028392
50,0.004954666666666667
100,0.006349083333333334
200,0.010740666666666667
300,0.00551225
