ues,futex
0,163.45484515940686
5,46.53426040385542
10,30.734135782996894
50,12.627669116096595
100,6.912665431479145
200,4.824588046286556
300,3.8313693746323736
