ues,futex
0,120010.737653
5,0.317306
10,0.525296
50,0.013304
100,7.082805
200,120011.153269
300,0.008723
