ues,epoll_pwait
0,129.40536760893855
5,39.27517948455924
10,28.04767718787879
50,6.905686506055449
100,3.483545242592404
200,1.9460555728602698
300,1.2571371115468328
