ues,epoll_pwait
0,0.008926
5,1068.695241
10,1152.745746
50,1829.46441
100,2638.930803
200,5511.848265
300,8000.187045
