ues,nanosleep
0,9.997392979020978
5,1.4320678747591522
10,0.7557958275862069
50,0.3602985167040491
100,0.21394522075710126
200,0.23511412818001096
300,0.20203999804055853
