ues,recvmsg
0,1847.852483
5,967.2400359117647
10,632.0876219423078
50,166.83831529842934
100,81.79524304389575
200,36.902525536451165
300,18.71791590318772
