ues,epoll_wait,poll
0,0.003849,53.742405
5,,54.738324
10,0.002996,53.607673
50,0.00277,83.520471
100,0.001847,52.734641
200,0.002913,89.690202
300,0.002736,107.296104
