ues,futex
0,0.00607
5,0.013525
10,0.005185
50,0.005713
100,0.00642
200,0.005065
300,0.005397
