ues,recvfrom,recvmsg
0,,0.164494
5,0.115249,0.223224
10,0.500075,0.02859
50,,6.233582
100,,0.306439
200,,0.238789
300,0.138029,0.030442
