ues,recvmsg
0,0.0056647794117647065
5,0.006104488888888889
10,0.006650431818181818
50,0.0068846521739130435
100,0.005888404255319149
200,0.006800433070866142
300,0.006099504587155964
