ues,sendto
0,1.370454
5,0.054171
10,1.186729
50,19.927719
100,1.752218
200,99.744389
300,0.086242
