ues,read,write
0,67705.807172,0.204278
5,67711.11148,0.246422
10,67685.362881,0.319174
50,67629.059957,0.240708
100,67686.644594,0.292115
200,67747.181404,0.211919
300,67655.057236,0.200264
