ues,futex
0,1799.9648679200002
5,1730.4018297500002
10,1764.649461235294
50,0.0101803125
100,1578.6592247192982
200,1698.0424846509436
300,1714.240051504762
