ues,sendto
0,0.631813
5,0.604858
10,0.637832
50,0.590961
100,0.508979
200,0.543764
300,0.671775
