ues,recvfrom,recvmsg
0,,0.00432878947368421
5,0.005010826086956522,0.005874315789473684
10,0.0037319029850746274,0.00357375
50,,0.004150187749667111
100,,0.008064184210526315
200,,0.006283921052631579
300,0.005521160000000001,0.00380525
