ues,recvfrom,recvmsg
0,,0.355647
5,0.11772,0.278387
10,0.383979,0.026729
50,0.138042,4.333754
100,,0.279452
200,0.116887,0.23332
300,,0.254831
