ues,sendto
0,0.02146153125
5,0.012314
10,0.020103515625
50,0.01074342531120332
100,0.02243009375
200,0.011390660480349344
300,0.029824265625
