ues,epoll_wait,poll
0,0.002782,1.698500806451613
10,,2.0578854838709675
50,,1.7317268709677418
100,0.002569,1.7506897419354839
200,0.003006,1.8774773125
300,0.002792,1.7620981666666669
