ues,epoll_wait,poll
0,0.002525,104.91763
5,,0.441722
10,0.002999,106.239037
50,0.00275,1.056989
100,0.00347,101.529216
200,0.002711,103.527824
300,0.003208,104.08177
