ues,sendto
50,14.729657
200,51.538485
