ues,read,write
0,0.129366,0.584142
5,0.122339,0.540044
10,0.132506,0.427822
50,0.124852,0.701348
100,0.15296,3.392409
200,0.339015,1.269643
300,0.127956,0.99548
