ues,recvfrom,recvmsg
0,0.107422,0.234994
5,0.13949,0.304685
10,0.157818,0.299457
50,0.13169,4.677987
100,3.092614,0.245115
200,0.655507,0.276408
300,0.447791,0.239743
