ues,sendmsg,sendto
0,1.918558,0.013131
5,0.896568,0.009138
10,2.470844,0.01539
50,1.936145,0.01184
100,2.192194,0.017558
200,2.241364,0.014209
300,1.856585,0.014473
