ues,sendto
0,1.373538
5,0.049256
10,1.286625
50,10.356662
100,1.435526
200,41.73538
300,1.908753
