ues,recvfrom,recvmsg
0,,0.025675
5,0.102159,0.031226
10,0.10946,
50,0.096657,0.046845
100,0.086991,0.024335
200,0.102067,0.023531
300,0.142936,0.027286
