ues,sendto
0,0.027470130434782608
5,0.02629817391304348
10,0.02773182608695652
50,0.025693956521739128
100,0.022129521739130433
200,0.023641913043478263
300,0.029207608695652174
