ues,recvmsg
0,0.77041
5,0.824106
10,0.292619
50,0.950082
100,0.830265
200,0.863655
300,0.664846
