ues,futex
0,0.414058
5,0.347777
10,0.292088
50,0.187198
100,0.384072
200,0.31662
300,0.235736
