ues,futex
0,126255.179612
5,0.287989
10,0.47968
50,1.342712
100,1.901226
200,0.186779
300,0.452744
