ues,recvfrom,recvmsg
10,0.252416,
50,,5.447773
