ues,write
0,0.12847123456790122
5,0.005857666666666666
10,0.004405333333333333
50,0.006313
100,0.007594
200,0.006919000000000001
300,0.007149333333333333
