ues,read,write
0,0.003105375,
5,,0.02742
10,0.003233375,0.012888
50,,0.028353
100,0.002775125,0.02312
200,,0.14335
300,0.003151875,0.024879
