ues,read,write
0,0.024843,
5,,0.02742
10,0.025867,0.012888
50,,0.028353
100,0.022201,0.02312
200,,0.14335
300,0.025215,0.024879
