ues,recvfrom,recvmsg
10,0.0036059428571428567,
50,,0.004894674752920036
