ues,write
0,10.40617
5,0.017573
10,0.013216
50,0.018939
100,0.022782
200,0.020757
300,0.021448
