ues,clock_nanosleep
0,60000.093503
50,60000.131689
