ues,futex
0,0.145935
5,0.321478
10,0.221724
50,0.192126
100,0.006809
200,0.200278
300,0.198263
