ues,futex
0,0.008450163265306123
5,0.007560369565217391
10,0.006490844444444445
50,0.005059405405405406
100,0.008534933333333335
200,0.007036000000000001
300,0.006371243243243244
