ues,epoll_wait
0,60007.279553
5,64789.221608
10,60112.66962
50,60170.855179
100,60084.150729
200,60173.677552
300,60203.7299
