ues,write
0,0.024285
100,0.012507
