ues,read,write
0,67623.087798,0.999095
5,67675.543462,0.783881
10,67667.373676,6.292511
50,67821.170616,3.234928
100,67578.498485,0.278484
200,67657.862758,7.368197
300,67616.834508,0.280635
