ues,sendto
0,0.02141334375
5,0.01354275
10,0.018542640625
50,0.011296892857142858
100,0.02737840625
200,0.014659669165196943
300,0.0215605
