ues,clock_nanosleep
0,100.348089
5,200.748894
10,200.545638
50,200.687199
100,200.59608
200,100.195511
300,100.302345
