ues,clock_nanosleep
0,50.1740445
5,50.1872235
10,50.1364095
50,50.17179975
100,50.14902
200,50.0977555
300,50.1511725
