ues,read,write
0,67323.264808,3.945902
5,67431.529048,0.368006
10,67363.562463,3.345532
50,67364.319987,2.167024
100,67407.568801,0.77206
200,67307.582613,0.419426
300,67288.738118,3.278574
