ues,sendmsg,sendto
0,0.04796395,0.013131
5,0.044828400000000004,0.009138
10,0.053714,0.01539
50,0.04302544444444444,0.01184
100,0.046642425531914895,0.017558
200,0.04669508333333333,0.014209
300,0.04420440476190476,0.014473
