ues,read
0,0.003621051282051282
5,0.04583115384615385
10,0.0023266666666666666
50,0.003678307692307692
100,0.0021993589743589744
200,0.002295820512820513
300,0.0022271794871794874
