ues,futex
0,0.002023333333333333
5,0.004508333333333334
10,0.0017283333333333335
50,0.0019043333333333334
100,0.00214
200,0.0016883333333333334
300,0.001799
