ues,futex
0,2744.677817652174
5,0.022153
10,0.03689846153846154
50,0.095908
100,0.14624815384615386
200,0.014367615384615385
300,0.03772866666666667
