ues,clock_nanosleep
0,3.094119
5,2.891883
10,2.8659872
50,4.7007992000000005
100,2.596376166666667
200,2.9649866
300,3.0205684
