ues,clock_nanosleep
0,15.470595
5,14.459415
10,14.329936
50,23.503996
100,15.578257
200,14.824933
300,15.102842
