ues,sendto
0,0.042722092307692305
5,0.030380830769230767
10,0.018119215384615382
50,0.01968127692307692
100,0.020198999999999998
200,0.021821476923076923
300,0.02199532307692308
