ues,read,write
0,67575.55153,0.498658
5,67734.39289,0.694139
10,67666.457673,0.414461
50,67802.107248,0.304171
100,67635.704493,9.069849
200,67735.628585,0.291615
300,67589.359729,3.279406
