ues,futex
0,0.01216125
5,0.013394916666666666
10,0.011086200000000001
50,0.012007875
100,0.00170225
200,0.012517375
300,0.0123914375
