ues,recvfrom,recvmsg
0,0.004670521739130435,0.006184052631578948
5,0.0051662962962962964,0.008018026315789474
10,0.006312720000000001,0.007880447368421051
50,0.0052676,0.0037664951690821254
100,0.11894669230769231,0.0064503947368421055
200,0.024278037037037035,0.007273894736842105
300,0.017222730769230768,0.006309026315789474
