ues,epoll_wait,poll
0,0.002755,55.763926
5,,0.778641
10,0.00263,65.050638
50,0.002509,0.392591
100,0.002306,55.586906
200,0.002004,56.030825
300,0.003312,54.599311
