ues,read
0,0.141221
5,1.787415
10,0.09074
50,0.143454
100,0.085775
200,0.089537
300,0.08686
