ues,sendto
0,2.776936
5,1.974754
10,1.177749
50,1.279283
100,1.312935
200,1.418396
300,1.429696
