ues,sendto
50,0.013882805843543827
200,0.01223901329850392
