ues,futex
0,179996.486792
5,179961.790294
10,179994.245046
50,0.162885
100,179967.151618
200,179992.503373
300,179995.205408
