ues,recvfrom,recvmsg
0,,0.003209375
5,0.004643590909090909,0.00390325
10,0.004975454545454546,
50,0.0042024782608695655,0.005855625
100,0.003954136363636364,0.003041875
200,0.004437695652173913,0.002941375
300,0.006214608695652174,0.00341075
