ues,epoll_wait
0,845.1729514507042
5,487.1370045714286
10,392.8932654901961
50,584.1830599902912
100,397.9082829735099
200,358.1766520952381
300,325.425567027027
