ues,epoll_wait,poll
0,0.002782,52.653525
10,,63.79445
50,,53.683533
100,0.002569,54.271382
200,0.003006,60.079274
300,0.002792,52.862945
