ues,futex
0,0.19269
5,0.208696
10,0.236037
50,0.292768
100,0.008052
200,0.30884
300,0.204487
