ues,futex
0,0.012043125
5,0.0130435
10,0.01180185
50,0.0146384
100,0.002013
200,0.0193025
300,0.0127804375
