ues,write
0,0.0024285
100,0.012507
