ues,read
0,0.009355
5,0.00598
100,0.00744
