ues,futex
0,475404.743272
5,534255.384781
10,534265.619707
50,475377.604059
100,534251.228095
200,475389.261867
300,475383.523806
