ues,sendto
0,0.351188
5,0.30353
10,0.464617
50,0.447815
100,0.461145
200,0.443891
300,0.403836
