ues,recvfrom
0,0.0044152857142857145
5,0.0028246666666666667
10,0.0032124750000000002
50,0.005556929657794677
100,0.002845635707844905
200,0.005047766666666667
300,0.0037741481481481484
