ues,read,write
0,0.004035,0.492863
5,0.00562,0.560431
10,0.005223,0.880489
50,,10.025081
100,0.006389,6.295702
200,,76.055768
300,0.009458,83.55024
