ues,recvmsg
0,0.010519
5,0.012063
10,0.015476
50,0.016468
100,0.01934
200,0.010482
300,0.028867
