ues,epoll_wait
0,66048.19118
5,66061.884665
10,66043.056874
50,66037.759473
100,66055.149681
200,58551.936129
300,66051.150649
