ues,sendmsg,sendto
0,,0.036849714285714284
5,0.020897181818181818,0.028811555555555552
10,0.01607404761904762,0.03889828571428571
50,,0.035791444444444445
100,0.016681567164179106,0.0245716
200,,0.034231470588235294
300,,0.03274825
