ues,sendmsg,sendto
0,0.038829,0.728697
5,0.76094,0.786308
10,3.146365,1.693821
50,3.208516,1.77355
100,15.379121,3.37012
200,14.68607,5.833877
300,20.927291,7.746389
