ues,read,write
5,,0.01577885
10,,0.0138956
50,0.007285,
100,0.008757,0.0112285725
200,0.009005,0.0182465
300,0.008546,0.0164225
