ues,read,write
0,0.030169,0.073014
5,0.029375,0.069696
10,0.033271,0.044252
50,0.043841,0.085363
100,0.032399,0.060098
200,0.033328,0.066023
300,0.034487,0.037728
