ues,sendto
0,0.02819275
5,0.017114916666666667
10,0.02419775
50,0.016262166666666664
100,0.02941225
200,0.020216833333333333
300,0.034392933333333334
