ues,recvfrom
0,0.008169877551020407
5,0.005616452631578947
10,0.005801651086956522
50,0.00542462323943662
100,0.005506864087061669
200,0.00790161331775701
300,0.006051494089834515
