ues,recvfrom,recvmsg
0,0.0048611904761904755,0.0093
5,0.003256986607142857,0.007509135135135134
10,0.004533334630350195,0.006330805555555556
50,0.003559096844396083,0.00584641447368421
100,0.009718378834355827,0.006144135327635328
200,0.004962673417721519,0.007232041666666666
300,0.003609792736935341,0.0065651054389312975
