ues,recvfrom,recvmsg
0,0.102085,0.0186
5,0.729565,0.277838
10,1.165067,0.455818
50,3.27081,0.888655
100,12.672766,4.313183
200,1.960256,4.339225
300,4.075456,13.760461
