ues,sendto
0,0.029812944444444447
5,0.035298800000000005
10,0.036605
50,0.032265857142857145
100,0.023339529411764707
200,0.03943025
300,0.022588833333333332
