ues,futex
0,475395.05414
5,534271.88273
10,534276.292518
50,475397.103218
100,540266.304526
200,475386.915401
300,475387.948853
