ues,recvfrom
0,0.068146
5,0.066095
10,0.117669
50,0.087532
100,0.074559
200,0.124452
300,0.066973
