ues,recvfrom
0,2.00162
5,3.734941
10,5.337519
50,13.865337
100,22.770883
200,6.763781
300,12.79891
