ues,futex
0,0.073802
5,0.029103
50,0.042019
100,0.054467
300,0.027638
