ues,futex
0,15500.391939
5,0.026955
10,0.034234
50,0.043808
100,15500.398196
200,0.054194
300,0.026033
