ues,read,write
5,0.010644,
10,,0.216747
100,,2.617879
