ues,clock_nanosleep
5,60000.232965
100,60000.180756
