ues,sendmsg,sendto
0,,0.515896
5,0.229869,0.518608
10,0.337555,0.544576
50,,0.644246
100,3.352995,0.491432
200,,0.581935
300,,0.654965
