ues,read,write
0,0.011292,
5,0.091438,
10,0.032434,
50,0.017224,
100,0.01183,0.008564
200,0.012862,
