ues,recvmsg
0,0.014837
5,0.018569
10,0.01552
50,0.018854
100,0.019944
200,0.024565
300,0.023871
