ues,poll
0,0.1726906818181818
5,0.4626091904761905
10,0.5511190454545454
50,0.48108518181818183
100,0.34900877272727276
200,0.42383404545454545
300,0.433252
