ues,recvmsg
0,0.00370925
5,0.00464225
10,0.00388
50,0.0047135
100,0.004986
200,0.00614125
300,0.00596775
