ues,sendmsg,sendto
0,0.038829,0.026024892857142858
5,0.024546451612903225,0.019178243902439024
10,0.05157975409836065,0.04577894594594595
50,0.021248450331125827,0.01430282258064516
100,0.025589219633943425,0.014340936170212766
200,0.02443605657237937,0.013726769411764707
300,0.02322673806881243,0.01219903779527559
