ues,sendmsg,sendto
0,0.0593035,
5,0.060781,
10,0.064919,
50,0.034757666666666666,0.008038
100,0.057439,
200,0.0608685,
300,0.0633325,
