ues,recvfrom
0,0.009589666666666666
5,0.008851916666666666
10,0.00935725
50,0.007150933333333333
100,0.006597733333333333
200,0.007553933333333334
300,0.008205166666666666
