ues,read,write
5,,0.315577
10,,0.555824
50,0.007285,
100,0.008757,4.491429
200,0.009005,0.036493
300,0.008546,0.032845
