ues,recvfrom
0,0.056681
5,0.688769
10,1.372538
50,5.06184
100,9.30515
200,0.145904
300,0.103252
