ues,write
0,0.066848
5,0.112899
50,0.113998
300,0.060514
