ues,recvmsg
0,69952.724506
5,69945.028931
10,69852.564132
50,69843.206084
100,69952.780407
200,69951.617819
300,69952.734033
