ues,sendmsg,sendto
0,0.0561815,0.06808006666666667
5,0.0703995,0.043677322580645155
10,0.055938,0.03524441379310345
50,0.07444833333333332,0.023605888888888888
100,0.054173,0.05138210869565217
200,0.051026666666666665,0.023655568181818184
300,0.069026,0.03389793548387097
