ues,sendmsg,sendto
0,0.176531,
5,0.185771,
10,0.159408,
50,0.143564,0.014722
100,0.171303,
200,0.173551,
300,0.191691,
