ues,recvmsg
0,0.021565
5,0.014722
10,0.015673
50,0.01849
100,0.018346
200,0.015915
300,0.01988
