ues,poll
5,0.173165
10,0.480331
200,0.128244
300,0.184489
