ues,recvfrom
0,1.404274
5,1.755191
10,1.730829
50,2.112105
100,4.037588
200,2.453759
300,3.805103
