ues,futex
0,475398.536168
5,534251.162345
10,475392.525857
50,475397.791208
100,475408.123744
200,475385.797401
300,475410.395739
