ues,recvfrom
0,0.115076
5,0.106223
10,0.112287
50,0.107264
100,0.098966
200,0.113309
300,0.098462
