ues,poll
0,1.609377
5,59197.369622
10,2.948157
50,2.754255
100,2.526976
200,2.049468
300,2.51444
