ues,sendmsg,sendto
0,0.112363,2.042402
5,0.140799,1.353997
10,0.111876,1.022088
50,0.223345,1.062265
100,0.108346,2.363577
200,0.15308,1.040845
300,0.138052,1.050836
