ues,sendto
0,0.0161456875
5,0.038984000000000005
10,0.030385500000000003
50,0.0363269375
100,0.044027833333333335
200,0.033504125
300,0.0223826875
