ues,sendto
0,1.953412
5,2.673681
10,2.490934
50,3.949515
100,4.124058
200,7.616569
300,15.493285
