ues,recvmsg
0,103.9416411679049
5,103.93020643536403
10,103.94726805357143
50,103.62493484272997
100,103.94172423031203
200,103.93999675928679
300,103.94165532392273
