ues,sendto
0,0.532803
5,0.704834
10,0.799323
50,0.696132
100,0.684664
200,0.781417
300,12.526651
