ues,clock_nanosleep
0,60000.273357
100,60000.114789
