ues,recvfrom
0,0.0026990952380952383
5,0.004919778571428571
10,0.005258766283524905
50,0.0037384342688330874
100,0.00443313482610767
200,0.005611692307692308
300,0.0036875714285714285
