ues,poll
0,1.709509
5,2.301591
10,2.549728
50,2.324376
100,2.409237
200,2.620061
300,3.556783
