ues,epoll_wait
0,2830.554757826087
5,3391.85474525
10,3828.1742434705884
50,3287.2516185
100,3105.5198542
200,2751.2282763750004
300,2751.1484806249996
