ues,recvfrom
0,0.01977850704225352
5,0.013196924812030076
10,0.013736738095238095
50,0.017748781512605043
100,0.006439534290271133
200,0.007596777089783281
300,0.005872072530864197
