ues,sendto
0,16.117845
5,11.544626
10,9.554056
50,13.081352
100,16.406886
200,21.420393
300,44.081558
