ues,sendmsg,sendto
0,,0.572554
5,0.754535,0.393062
10,0.929512,0.620807
50,,0.615071
100,10.167904,0.544148
200,,0.57567
300,,0.60237
