ues,write
0,0.016712
5,0.02822475
50,0.0284995
300,0.0151285
