ues,sendto
0,0.02100443010752688
5,0.020102864661654136
10,0.02418382524271845
50,0.0188972009569378
100,0.012968735849056603
200,0.01478945436893204
300,0.011790932267884323
