ues,sendmsg,sendto
0,,0.040896714285714286
5,0.020959305555555554,0.028075857142857145
10,0.013091718309859154,0.04434335714285714
50,,0.04393364285714286
100,0.014504855920114123,0.03400925
200,,0.04111928571428571
300,,0.04302642857142857
