ues,recvfrom
0,0.089768
5,0.112516
10,0.074776
50,0.103063
100,0.070945
200,0.094203
300,0.063989
