ues,futex
5,0.070835
10,0.070453
50,0.054269
100,0.143898
200,0.07568
300,0.083208
