ues,poll
0,0.16093770000000002
5,4933.1141351666665
10,0.2948157
50,0.2754255
100,0.25269759999999997
200,0.2049468
300,0.251444
