ues,futex
0,7750.1959695
5,0.0044925
10,0.005705666666666667
50,0.007301333333333333
100,7750.199098
200,0.004516166666666667
300,0.004338833333333333
