ues,futex
0,557.9867878779343
5,555.9369248501561
10,616.9348957355658
50,527.0261685798226
100,545.7111625076609
200,442.22256917860466
300,549.576328099422
