ues,clock_nanosleep
0,60000.237222
5,60000.278408
100,60000.143505
