ues,sendto
0,0.04432057142857143
5,0.024925357142857145
10,0.03337964285714286
50,0.04382235714285714
100,0.042766071428571424
200,0.04496778571428572
300,0.0343879375
