ues,recvmsg
0,103.92932195245172
5,103.92354746062408
10,103.9298735327381
50,103.61904829525223
100,103.94068493313523
200,103.92794432540863
300,103.93617386032689
