ues,sendto
0,0.02537157142857143
5,0.0352417
10,0.038063
50,0.038674
100,0.034233200000000005
200,0.039070850000000004
300,0.010225837551020408
