ues,recvfrom
0,0.11674
5,0.249809
10,0.487998
50,2.155482
100,3.966249
200,0.099669
300,6.273773
