ues,recvfrom
0,0.142984
5,0.114663
10,0.069869
50,0.079814
100,0.141264
200,0.109912
300,0.164933
