ues,futex
0,511.7277224327234
5,596.9518242793296
10,515.2133968351012
50,563.2667099739336
100,563.3642382961418
200,520.1169752746171
300,548.3136664971165
