ues,recvfrom
0,0.0056788333333333335
5,0.005507916666666667
10,0.00980575
50,0.005835466666666666
100,0.0049706
200,0.0082968
300,0.005581083333333334
