ues,recvfrom
0,0.083526
5,0.050758
10,0.100636
50,0.095442
100,0.062508
200,0.110015
300,0.066347
