ues,sendmsg
0,0.005286
5,0.009102
10,0.009007
50,0.005438
100,0.0116975
200,0.0074465
300,0.0072055
