ues,epoll_wait
0,66048.258179
5,66062.32577
10,66043.753929
50,66038.077017
100,66055.188127
200,55048.252315
300,66050.914094
