ues,sendto
0,0.536633
5,0.705976
10,0.65889
50,0.451722
100,0.396772
200,0.630884
300,0.406599
