ues,recvfrom
0,0.005559047619047619
5,0.004234050847457627
10,0.003365503448275862
50,0.0054431363636363635
100,0.005288332
200,0.0035596071428571426
300,0.0036753210310486234
