ues,sendto
0,0.620488
5,0.348955
10,0.467315
50,0.613513
100,0.598725
200,0.629549
300,0.550207
