ues,sendto
0,0.029265666666666666
5,0.02529416666666667
10,0.038718083333333334
50,0.029854333333333333
100,0.030743000000000003
200,0.029592733333333333
300,0.033652999999999995
