ues,read
5,0.00589
10,0.005602
