ues,futex
0,514.5005802683983
5,539.1030901564076
10,510.07781744313303
50,559.9502841083628
100,559.3036749929412
200,539.5979539171396
300,559.3063479282353
