ues,poll
5,0.0865825
10,0.2401655
200,0.064122
300,0.0922445
