ues,recvfrom
0,0.004274666666666667
5,0.0053579047619047625
10,0.0035607619047619047
50,0.004907761904761905
100,0.003378333333333333
200,0.004485857142857143
300,0.0030470952380952385
