ues,recvmsg
0,0.00539125
5,0.0036805
10,0.0026121666666666667
50,0.0046225
100,0.0045865
200,0.00397875
300,0.00497
