ues,read,write
5,0.010644,
10,,0.010837349999999999
100,,0.013089394999999998
