ues,read,write
0,0.011292,
5,0.004156272727272727,
10,0.002494923076923077,
50,0.017224,
100,0.01183,0.0014273333333333334
200,0.012862,
