ues,recvfrom,recvmsg
0,,69960.20029
5,0.00285,69949.257637
10,,69950.989896
50,,69952.087664
100,,69952.108941
200,,69848.072911
300,,69948.490496
