ues,sendmsg,sendto
0,0.0793315,
5,0.091553,
10,0.084715,
50,0.06752,0.004317
100,0.0841415,0.015004
200,0.0835665,
300,0.0800965,
