ues,recvfrom,recvmsg
0,,103.79851675074183
5,0.00285,103.93648980237742
10,,103.63109614222222
50,,103.6327224651852
100,,103.94072650965825
200,,103.63215565430266
300,,103.93534991976226
