ues,recvfrom
0,0.003977428571428572
5,0.002307181818181818
10,0.0050318
50,0.004544857142857143
100,0.0029765714285714283
200,0.005000681818181818
300,0.0031593809523809526
