ues,read
5,0.0019633333333333334
10,0.0018673333333333335
