ues,poll
0,3.799195
5,9.714793
10,12.124619
50,10.583874
100,7.678193
200,9.324349
300,9.531544
