ues,epoll_wait
0,3476.2241146842102
5,4404.155051333333
10,4402.9169286
50,3301.9038508500003
100,3476.5888487894736
200,3932.0180225
300,3302.5457047000004
