ues,recvfrom
0,0.086182
5,0.485617
10,0.905142
50,3.353134
100,7.109358
200,0.101309
300,0.062305
