ues,read
0,0.00698
5,0.008463
