ues,sendmsg,sendto
0,0.0882655,
5,0.0928855,
10,0.079704,
50,0.071782,0.014722
100,0.0856515,
200,0.0867755,
300,0.0958455,
