ues,futex
5,0.0059029166666666666
10,0.005871083333333333
50,0.004522416666666667
100,0.005534538461538461
200,0.006306666666666666
300,0.006934
