ues,sendmsg
0,0.010572
5,0.018204
10,0.018014
50,0.010876
100,0.023395
200,0.014893
300,0.014411
