ues,recvmsg
0,0.00262975
5,0.00301575
10,0.0025793333333333332
50,0.004117
100,0.004835
200,0.0026205
300,0.00721675
