ues,sendto
0,0.0685865744680851
5,0.0395363904109589
10,0.03836970281124498
50,0.032299634567901234
100,0.028533714782608695
200,0.024621141379310346
300,0.016448342537313435
