ues,poll
0,0.1709509
5,0.2301591
10,0.2549728
50,0.2324376
100,0.24092370000000002
200,0.2620061
300,0.3556783
