ues,futex
0,0.004100111111111112
5,0.0048505
50,0.0035015833333333335
100,0.004538916666666667
300,0.004606333333333333
