ues,recvfrom
0,0.092721
5,0.245746
10,0.513996
50,2.922945
100,3.15581
200,0.151433
300,0.101902
