ues,sendmsg,sendto
0,0.158663,
5,0.183106,
10,0.16943,
50,0.13504,0.004317
100,0.168283,0.015004
200,0.167133,
300,0.160193,
