ues,recvmsg
0,69944.433674
5,69940.547441
10,69840.875014
50,69839.238551
100,69952.08096
200,69943.506531
300,69949.045008
