ues,sendto
0,0.485356
5,0.413152
10,0.461268
50,0.463446
100,0.49153
200,0.481111
300,0.45305
