ues,read,write
0,0.009989,0.022574
5,0.010045,0.031326
10,0.013951,0.023906
50,0.011241,0.032719
100,0.01164,0.029958
200,0.019801,0.027099
300,0.01318,0.017579
