ues,read
0,0.012495000000000001
5,0.0085634
10,0.0086932
50,0.0093015
100,0.0120718
200,0.009762400000000001
300,0.0095214
