ues,sendmsg,sendto
0,0.118607,
5,0.121562,
10,0.129838,
50,0.104273,0.008038
100,0.114878,
200,0.121737,
300,0.126665,
