ues,recvfrom
0,0.011915333333333333
5,0.0076442
10,0.005822416666666667
50,0.006651166666666666
100,0.011772
200,0.009159333333333334
300,0.013744416666666667
