ues,read
0,0.062475
5,0.042817
10,0.043466
50,0.037206
100,0.060359
200,0.048812
300,0.047607
