ues,sendto
0,0.040446333333333334
5,0.03442933333333333
10,0.038439
50,0.0386205
100,0.040960833333333335
200,0.040092583333333334
300,0.030203333333333336
