ues,recvfrom
0,0.004103904761904762
5,0.002979245398773006
10,0.002901096153846154
50,0.002691118780096308
100,0.002885291396103896
200,0.004824238095238095
300,0.0029669047619047617
