ues,epoll_wait
0,65102.75943
5,67837.094905
10,65078.962139
50,65745.03237
100,62110.397084
200,66029.478633
300,66027.563535
