ues,sendto
0,0.258331
5,0.545776
10,0.425397
50,0.581231
100,0.792501
200,0.536066
300,0.358123
