ues,sendto
0,0.338313
5,0.205379
10,0.290373
50,0.195146
100,0.352947
200,0.242602
300,0.515894
