ues,read,write
0,0.009183,0.022567
5,0.01081,0.038723
10,0.015977,0.034615
50,0.012472,0.03168
100,0.014634,0.029087
200,0.016416,0.026663
300,0.013257,0.030149
