ues,epoll_wait
0,3302.4095589999997
5,3145.804031666667
10,3144.9074701904765
50,3668.7644151666664
100,3302.7574840499997
200,3252.8853405
300,3669.508369388889
