ues,futex
0,479.2266618508064
5,518.6934390446602
10,563.2825880924171
50,561.9280141879433
100,563.2742635462085
200,509.5335799892819
300,560.6049092004718
