ues,futex
0,475392.848556
5,534254.242216
10,475410.50435
50,475391.100003
100,475403.478433
200,475394.83013
300,475392.963002
