{"time": "15:36:30", "timestamp": 0.0, "pid": 19967, "task": "code", "family": 4, "saddr": "127.0.0.1", "sport": 8888, "daddr": "127.0.0.1", "dport": 33164, "tx_kb": 0.8466796875, "rx_kb": 0.29296875, "ms": 4.037}
{"time": "15:36:30", "timestamp": 2.1e-05, "pid": 19967, "task": "code", "family": 4, "saddr": "127.0.0.1", "sport": 33164, "daddr": "127.0.0.1", "dport": 8888, "tx_kb": 0.2939453125, "rx_kb": 0.8466796875, "ms": 4.073}
{"time": "15:36:30", "timestamp": 0.000956, "pid": 19967, "task": "code", "family": 4, "saddr": "127.0.0.1", "sport": 8888, "daddr": "127.0.0.1", "dport": 33168, "tx_kb": 1.2958984375, "rx_kb": 0.2939453125, "ms": 4.915}
{"time": "15:36:30", "timestamp": 0.000972, "pid": 19967, "task": "code", "family": 4, "saddr": "127.0.0.1", "sport": 33168, "daddr": "127.0.0.1", "dport": 8888, "tx_kb": 0.294921875, "rx_kb": 1.2958984375, "ms": 4.938}